Número,Nombre_Enfermedad,Código_CIE10,Observaciones
1,3-metilcrotonil glicinuria,E711,
2,Abscesos asépticos sensibles a corticosteroides,D898,
3,Acatalasemia,E803,
4,Acidemia 3-0H-3ME-glutarica,E723,
5,Acidemia butirica,E711,
6,Acidemia cadena media,E711,
7,Acidemia glutárica I,E713,
8,Acidemia qlutárica II,E713,
9,Acidemia isovalérica,E711,
10,"Acidemia metilmalonica - homocistinuria, tipo cbl C",E721,
11,"Acidemia metilmalonica - homocistinuria, tipo cbl D",E721,
12,"Acidemia metilmalonica - homocistinuria, tipo cbl F",E721,
13,"Acidemia metilmalonica - vitamina B12 sensible, tipo cbl A",E711,
14,Acidemia orgánica no especificada,E711,
15,Acidemia piroqlutámica,D551,
16,Acidemia propiónica,E711,
17,Aciduria 3-mefilglutaconica tipo 1,E711,
18,Aciduria 3-metilglutaconica tipo 3,E711,
19,Aciduria 4 hidroxi-butirica,E728,
20,Aciduria argininosuccinica,E722,
21,Aciduria fumárica,E888,
22,Aciduria malónica,E728,
23,Aciduria metilmalónica con homocistinuria,E711,
24,Aciduria metilmalónica microcefalia cataratas,E711,
25,Aciduria mevalónica,E888,
26,Aciduria no especificada,E711,
27,Aciduria orotica hereditaria,D530,
28,Acrodermatitis enteropatica,E832,
29,Acromatopsia,H535,
30,Acromegalia,E220,
31,Acromegalia cutis gyrata,M894,
32,Acromelanosis,L814,
33,Acroosteolisis tipo dominante,M895,
34,Adamantinoma,C402,
35,AD-DKC (Mutacion en TINF2),D610,
36,AD-HIES (Sindrome de Hiperlgp Sindrome Job,D824,
37,Adrenoleucodistrofia ligada al cromosoma X,E713,
38,Afasia progresiva no fluida ii,G231,
39,Agamaglobulinemia (sin bases moleculares conocidas),D800,
40,Agamaglobulinemia (XLA)- Deficiencia BTK,D800,
41,Agammaglobulinemia ligada a X,D800,
42,Agenesia de cuerpo calloso — neuropatia,G600,
43,el gen Alfa 4,G114,
44,Albinismo con sordera,H905,
45,Albinismo cutáneo fenotipo Hermine,E703,
46,Albinismo ocular ligado al cromosoma X recesivo,E703,
47,Albinismo ocular sordera sensorial tardía,E703,
48,Albinismo oculo-cutáneo,E703,
49,Alcaptonuria,E702,
50,Alfa-manosidosis,E771,
51,ALPS-CASP10,D479,
52,Amaurosis — hipertricosis ',H355,
53,Amaurosis congenita de Leber,H355,
54,Amiloidosis secundaria,E853,
55,Analbuminemia congénita,R770,
56,"Anemia diseritropoyetica, congénita",D644,
57,Angioedema adquirido,T783,
58,Angiomatosis neurocutanea hereditaria,D180,
59,"Angiomatosis quistica de hueso, difusa",E881,
60,"Aniridia, ataxia cerebelosa, y retraso mental",G110,
61,Anisakiasis,B810,
62,Anomalia de Duane - miopatia - escoliosis,H508,
63,Anomalias de cabellos - fotosensibilidad - retraso mental,L678,
64,APECED (APS-1),E310,
65,Apraxia ocular tipo Cogan •,H518,
66,"Arañazo de qato, enfermedad del",A281,
67,Arqininemia,E722,
68,Arteiiris temporal juvenil,L958,
69,Arteritis de células gigantes,M316,
70,Artritis juvenil idiopática de inicio sistémico,M082,
71,Artritis relacionada con entesitis,M081,
72,Ataxia - apraxia - retraso mental ligado al cromosoma X,G318,
73,neurosensorial,G111,
74,Ataxia cerebelosa autosómica recesiva,G112,
75,Ataxia cerebelosa autosómica recesiva - intrusión sacádica,G111,
76,Ataxia de Friedreich,G111,
77,Ataxia de Harding,G111,
78,Ataxia episódica tipo 3,G118,
79,Ataxia episódica tipo 4,G118,
80,Ataxia episódica tipo 5,G118,
81,Ataxia episódica tipo 6,G118,
82,Ataxia episódica tipo 7,G118,
83,Ataxia espinocerebelosa autosómica dominante,G118,
84,Ataxia espinocerebelosa infantil,G111,
85,"Ataxia espinocerebelosa ligada al cromosoma X, de tipo 3",G111,
86,Ataxia espinocerebelosa tipo 1,G118,
87,Ataxia espinocerebelosa tipo 2,G112,
88,Ataxia espinocerebelosa tipo 3,G118,
89,Ataxia espinocerebelosa tipo 29,G110,
90,Ataxia espinocerebolosa tipo 30,G112,
91,Ataxia letal con sordera y atrofia óptica,E798,
92,Ataxia telangiectasia,G113,
93,"Ataxia, autosómica recesiva, tipo Beauce",G112,
94,Atireosis,E031,
95,Atransferrinemia,E880,
96,Atrofia dentato-rubro-palido-luisiana,G118,
97,Atrofia multisistémica,G903,
98,Atrofia muscular ataxia retinitis piqmentaria diabetes,G111,
99,Atrofia muscular espinal proximal,G120,
100,"Atrofia muscular espinal proximal de adultos, autosómica dominante",G121,
101,Atrofia muscular espinal proximal de tipo 1,G120,
102,Atrofia muscular espinal proximal de tipo 2,G121,
103,Atrofia muscular espinal proximal de tipo 3,G121,
104,Atrofia muscular espinal proximal de tipo 4,G121,
105,Atrofia óptica,H472,
106,Atrofia óptica autosómica dominante y cataratas,H472,
107,Atrofoderma lineal de Moulin,L908,
108,Bajo peso al nacer - enanismo -disgammaqlobulinemia,D822,
109,Beta-manosidosis,E771,
110,Beta-talasemia,D561,
111,Bradiopsia,H538,
112,CAMPS (CARD14 psoriasis mediada),E850,
113,APECED),E310,
114,CANDLE (mutación en PSMB8),L982,
115,CARD11 mutación con ganancia de función,D812,
116,Camosinemia,E708,
117,CASPASE 8 DEFECT,D479,
118,Cetoacidosis debida a Déficit de beta-cetotiolasa,E711,
119,Cirrosis biliar primaria,K743,
120,Cirrosis hereditaria de los niños indios de América del Norte,K746,
121,Cistationinuria,E721,
122,Cistinosis,E720,
123,Cistinuria,E720,
124,Citruhnemia,E722,
125,Colitis colagenosa,K528,
126,Colitis epitelio-exfoliativa - sordera,P783,
127,Conjuntivitis leñosa,H104,
128,Convulsiones - Déficit intelectual debido a hidroxilsinuria,E723,
129,Convulsiones neonatales-infantiles familiares benignas,G404,
130,Cordoma,C767,
131,Coroideremia,H312,
132,Cráneo-osteo-artropatia,M894,
133,Defecto en la activación K-Ras,D479,
134,Defecto en la activación N-Ras,D728,
135,Deficiencia de MCM4,D848,
136,Deficiencia de 10120,K528,
137,Deficiencia de Acetoacil CoA tiolasa,E711,
138,Deficiencia de ACT1,B372,
139,Deficiencia de ADAR1 (AGS6),G318,
140,Deficiencia de AD-IRF8,D848,
141,Deficiencia de anticuemos especificos (normal igG y células B),D806,
142,Deficiencia de AR-IRF8,D848,
143,Deficiencia de Artemis (DHLRE1C),D811,
144,Deficiencia de BLNK,D800,
145,Deficiencia de C1qB,L932,
146,Deficiencia de C1qC,L932,
147,Deficiencia de C1r,D841,
148,Deficiencia de C1s,D838,
149,Deficiencia de C4b,D841,
150,Deficiencia de C5,D841,
151,Deficiencia de C8b,D841,
152,Deficiencia de cadena pesada p,D808,
153,Deficiencia de cadena K,D808,
154,Deficiencia de CARD11,D812,
155,Deficiencia de CARD9,D848,
156,Deficiencia de CD16,D848,
157,Deficiencia de CO20,D838,
158,Deficiencia de CO21,D838,
159,Deficiencia de CD27,D479,
160,Deficiencia de CD3y (Gamma),D812,
161,Deficiencia de CD35 (Delta),D812,
162,Deficiencia de CD45,D812,
163,Deficiencia de CD46,D588,
164,Deficiencia de CD8,D848,
165,"Deficiencia de CGD, p40",D71X,
166,"Deficiencia de CGD, p47",D71X,
167,"Deficiencia de CGD, p67",D71X,
168,Deficiencia de CMC-IL-17F,E310,
169,Deficiencia de CMC-IL-17RA,E310,
170,Deficiencia de coronin-1A,D812,
171,Deficiencia de dihidrolipoil deshidrogenasa,E744,
172,Deficiencia de Dock 8,D811,
173,Deficiencia de Factor 8,D67X,
174,Deficiencia de Factor D,D841,
175,Deficiencia de Factor de transcripción E47,D800,
176,Deficiencia de Factor H,D841,
177,Deficiencia de Factor I,D841,
178,Deficiencia de Ficolin 3,D841,
179,Deficiencia de gránulos específicos,D71X,
180,Deficiencia de HOIL-1 _,E740,
181,Deficiencia de ICF1,E881,
182,Deficiencia de IgA con subclases de IgG,D808,
183,Deficiencia dell-10,E728,
184,Deficiencia de IL-10Ra,K528,
185,Deficiencia de ITCH,E310,
186,Deficiencia de Lipasa Acida,E755,
187,Deficiencia de Macrófaqo 0P91 Phox,D71X,
188,Deficiencia de MCM4,D848,
189,Deficiencia de MST1/STK4,E703,
190,Deficiencia de MTHFD1,D528,
191,Deficiencia de NFKB2,G113,
192,Deficiencia de NK cell,D848,
193,Deficiencia de oxoacyl CoA deshidrogenasa,E713,
194,"Deficiencia de perforina, FHL2",D818,
195,Deficiencia de PKcs DNA,D811,
196,Deficiencia de PNP,D815,
197,Deficiencia de Receptor BAFF,D830,
198,Deficiencia de RhoH,D848,
199,Deficiencia de RNF168,D828,
200,Deficiencia de SAMHD1 (AGS5),G318,
201,Deficiencia de SLC46A1,E161,
202,Deficiencia de STAT2,D848,
203,Deficiencia de STAT5b,D828,
204,Deficiencia de STIM-1,D818,
205,Deficiencia de 80(11 (FHL4),D761,
206,Deficiencia de Succinil-CoA Transferasa,E713,
207,Deficiencia de TACI (mutación TNFRSF13B),D838,
208,Deficiencia de TAP1/TAP2/Tapasin,D816,
209,Deficiencia de TCN2,D512,
210,Deficiencia de trombomodulin,D688,
211,Deficiencia de TyK2,D824,
212,Deficiencia de UNG,D805,
213,Deficiencia de WIPF1,D820,
214,"Deficiencia de XLP1, SH2D1A",D823,
215,"Deficiencia de XLP2, XIAP",D823,
216,Deficiencia de ZAP-70,D818,
217,Deficiencia de 13-Actin,E740,
218,Deficiencia de A5,D800,
219,Deficiencia en el receptor del complemento 2 CR2 (CD21),D841,
220,Deficiencia en el receptor del complemento 3 CR3,D841,
221,"Deficiencia selectiva de IgA """,D693,
222,Déficit combinado de los factores V y VIII,D688,
223,Déficit congénito de fibrinógeno,D682,
224,Déficit congénito de heparan-sulfato en los enterocitos,P783,
225,Déficit congénito de proteina C,D682,
226,Déficit congénito de proteina S,D685,
227,Déficit congénito de sacarasa-isomaltasa,E743,
228,"Déficit congénito de sintesis de ácidos biliares, tipo 4",K768,
229,Déficit congénito del factor II,D682,
230,Déficit congénito del factor IX,D67X,
231,Déficit congénito del factor V,D682,
232,Déficit congénito del factor VII,D682,
233,Déficit congénito del factor VIII,D66X,
234,Déficit congénito del factor X,D682,
235,Déficit congénito del factor XI,D681,
236,Déficit congénito del factor XIII,D682,
237,Déficit de 3-hidroxi 3-metilglutaril-CoA (HMG) sintetasa,E713,
238,cadena larga,E713,
239,Déficit de 5-oxoprolinasa,E728,
240,Déficit de 6-piruvil-tetrahidropterina sintasa,E701,
241,Déficit de aconitasa,G713,
242,Déficit de adenilsuccinato liasa,E798,
243,Déficit de adenosina monofosfato deaminasa,E798,
244,Déficit de adhesión leucodtaria tipo I,D848,
245,Déficit de adhesión leucocitaria tipo III,D848,
246,Déficit de aromatasa,E258,
247,Déficit de beta-ureidopropionasa,E798,
248,Déficit de biotinidasa,E538,
249,Déficit de carbamil-fosfato sintetasa,E722,
250,Déficit de camitina palmitoiltransferasa II,E713,
251,Déficit de camitina-acilcamitina translocasa,E713,
252,Déficit de deshidratasa,E701,
253,Déficit de Dihidropteridina reductasa,E701,
254,Déficit de dopamina beta-hidroxilasa,G908,
255,Déficit de enzima ramificante del glucógeno,E740,
256,Déficit de fosfoenolpiruvato carboxiquinasa,E744,
257,Déficit de fosfofructoquinasa muscular,E740,
258,Déficit de fosfoglicerato quinasa,E740,
259,"Déficit de fructosa-1,6 difosfatasa",E741,
260,Déficit de gamma aminobutidco ácido transaminasa,E728,
261,Déficit de gamma-glutamil transpeptidasa,E728,
262,Déficit de gamma-glutamilcisteina sintetasa,D551,
263,Déficit de glucógeno sintasa hepática,E740,
264,Déficit de glutation sintetasa,D551,
265,Déficit de GTP-ciclohidrolasa I,E701,
266,Déficit de guanidinoacetato metiltransferasa,E728,
267,Déficit de LCAT •,E786,
268,Déficit de metil cobalamina de tipo cbl E,E721,
269,Déficit de metil cobalamina de tipo cbl G,E721,
270,Déficit de N5-metilhomocisteina transferasa,E721,
271,Déficit de N-acetil-alfa-D-galactosam nidasa,E771,
272,Déficit de ornitina carbamil transferasa,E724,
273,Déficit de prolidasa,E728,
274,Déficit de succinil-CoA acetoacetato transferasa,E713,
275,Déficit de transaldolasa,E748,
276,Déficit de transportador de creatina ligado al cromosoma X,E728,
277,Déficit familiar aislado de glucocorticoides,E271,
278,Déficit intelectual tipo Kahrizi,E778,
279,Degeneración cortico-basal,G310,
280,Degeneración retiniana microftalmia glaucoma,H355,
281,Demencia frontotemporal,G310,
282,Demencia frontotemporal con inclusiones Tau,G310,
283,Demencia frontotemporal y parkinsonismo ligado al cromosoma 17,G310,
284,Dermatitis granulomatosa interstidal con artritis,M301,
285,Dermatitis seborreica-like con elementos psoriasiformes,L218,
286,Dermatoleucodistrofia,E752,
287,Dermatomiosilis,M330,
288,Dermatosis pustulosa subcórnea,L131,
289,Dermo odonto displasia,Q824,
290,Dermoide anular de la cornea,D311,
291,adenosiltransferasa,E721,
292,Desorden del metabolismo de los metales no especificados,E830,
293,Desordenes de la purinas y pirimidinas no especificados,E799,
294,Desordenes de los lipidos no especificados,E789,
295,Desordenes del sistema inmune no especificados,D899,
296,Desordenes del tejido conectivo no especificados,M351,
297,Desordenes lisosomales no especificados,E752,
298,Desordenes peroxisomales no especificados,E713,
299,Desprendimiento de retina regmatógeno autosómico dominante,H330,
300,Diabetes insipida nefrogénica,N251,
301,Diabetes mellitus neonata!,P702,
302,Diabetes-sordera de transmisión materna,E138,
303,enteroendocrinas,P783,
304,Diátesis hemorrágica por un defecto del receptor de colágeno,D698,
305,Dihidropirimidinuria,E798,
306,DIRA (IL1RN),D848,
307,Disautonomia familiar,G901,
308,Disfasia congénita familiar,F801,
309,cromosoma X,E310,
310,sintetasa,E728,
311,Disqenesia reticular (Deficiencia de AK2),D810,
312,Displasia broncopulmonar,P271,
313,Displasia craneodiafisaria,M852,
314,Displasia odontomaxilar seqmentaria,K004,
315,Disquinesia ciliar primaria ',J980,
316,"Distrofia coroidal, areolar central",H312,
317,Distrofia de conos con respuesta escotópica supranormal,H355,
318,Distrofia de conos y bastones,H355,
319,Distrofia de córnea - sordera de percepción,H185,
320,Distrofia macular de Carolina del Norte,H355,
321,Distrofia neuroaxonal infantil,G230,
322,DITRA (deficiencia de antagonista del receptor de 1L-36),L401,
323,Drepanocitosis,D570,
324,Ectopia tiroidea,E031,
325,Embriopatia por virus de la varicela,P358,
326,Encefalitis focal de Rasmussen,G048,
327,Encefalomiopatia mitocondrial infantil asociada con FASTKD2,G713,
328,Encefalopatía aguda necrosante familiar,G938,
329,"Encefalopatía con cuerpos de inclusión de neuroserpina, forma",G318,
330,Encefalopatía debida a una deficiencia de prosaposina,E752,
331,Encefalopatia debido a deficiencia de urocanasa,E708,
332,Encefalopatía debido a la hidroxi-quinurenina,E708,
333,Encefalopatia epiléptica infantil temprana,G403,
334,"Encefalopatia grave de aparicion neonatal, autosómica dominante",G404,
335,Encefalopatia provocada por Déficit de sulfito oxidasa,E721,
336,Encefalopatias espongiformes transmisibles (término genérico),A810,
337,Enfermedad de Alexander,E752,
338,fosforilasa quinasa muscular,E740,
339,Enfermedad de Behget,M352,
340,Enfermedad de Best,H355,
341,Enfermedad de Blackfan-Diamond,D610,
342,Enfermedad de Canavan,E752,
343,Enfermedad de Castleman,D360,
344,Enfermedad de Coats,H350,
345,Enfermedad de Creutzfeldt-Jakob,A810,
346,Enfermedad de Crohn,K509,
347,Enfermedad de Cushing,E240,
348,Enfermedad de Dent,N258,
349,Enfermedad de depósito de glucógeno por Déficit de LAMP-2,E740,
350,Enfermedad de depósito lisosomal no especificada,E752,
351,Enfermedad de Elejalde,L814,
352,Enfermedad de Fabry,E752,
353,Enfermedad de Gaucher,E752,
354,Enfermedad de Gaucher - oftalmoplejía - calcificación cardiovascular,E752,
355,Enfermedad de Gaucher tipo 1,E752,
356,Enfermedad de Gaucher tipo 2,E752,
357,Enfermedad de Gaucher tipo 3,E752,
358,Enfermedad de Griscelli,E703,
359,Enfermedad de Krabbe,E752,
360,Enfermedad de Letterer-Siwe,C960,
361,Enfermedad de McCardle,E740,
362,Enfermedad de Niemann-Pick ',E752,
363,Enfermedad de Niemann-Pick tipo A,E752,
364,Enfermedad de Niemann-Pick tipo B,E752,
365,Enfermedad de Niemann-Pick tipo C,E752,
366,Enfermedad de Nonie,H355,
367,Enfermedad de orina con olor a jarabe de arce,E710,
368,Enfermedad de Paget juvenil,M889,
369,Enfermedad de Pelizaeus-Merzbacher,E752,
370,Enfermedad de Pompe,E740,
371,Enfermedad de Sandhoff,E750,
372,Enfermedad de Stargardt,H355,
373,Enfermedad de Still del adulto,M061,
374,Enfermedad de Takayasu,M314,
375,Enfermedad de Tangier,E786,
376,Enfermedad de Tay-Sachs,E750,
377,Enfermedad de Upington,M918,
378,Enfermedad de Von Willebrand,D680,
379,Enfermedad de Von Willebrand adquirida,D684,
380,Enfermedad de Wegener,M313,
381,Enfermedad de Whipple,K908,
382,Enfermedad de Wilson,E830,
383,Enfermedad de Wolman,E755,
384,Enfermedad qranulomatosa crónica,D71X,
385,Enfermedad hepática vena-oclusiva -inmunodeficiencia,K765,
386,Enfermedad leuco-proliferativa autoinmune asociada RAS (RALD),D728,
387,fosforilación oxidativa tipo 3 combinada,E888,
388,Enfermedad mixta del tejido conectivo,M351,
389,Enfermedad por almacenamiento de esteres de colesterol,E755,
390,Enfermedad por depósito de lipidos neutros,E755,
391,Enfermedad veno-oclusiva hepática,K765,
392,Epidermólisis ampollar adquirida,L123,
393,Epilepsia con crisis parciales migrantes del lactante,G404,
394,Epilepsia demencia amelogénesis imperfecta,G408,
395,Epilepsia mioclónica de la infancia,G403,
396,Eritroqueratodermia ataxia,G111,
397,Erliquiosis,A488,
398,Esclerosis lateral amiotrófica,G122,
399,Esclerosis lateral primaria,G122,
400,Esclerosis Múltiple,G35X,
401,Esclerosis múltiple - ictiosis - deficiencia del factor VIII,G378,
402,Esclerosis sistémica cutánea difusa,M340,
403,Esclerosis sistémica cutánea limitada,L940,
404,Esferocitosis hereditaria,D580,
405,"Espasticidad - Déficit intelectual - epilepsia, ligado al cromosoma X",G253,
406,Espino cerebelosa Degeneración distrofia corneal,G111,
407,pequeña,E230,
408,Estatura baja por anomalia cualitativa de hormona de crecimiento,E230,
409,Esferoide deshidrogenasa anomalías dentales. Déficit de,K768,
410,Estesioneuroblastoma,C300,
411,Fallo autonómico puro,G903,
412,Fascitis eosinofilica,M354,
413,Fenilcetonuria,E700,
414,"Feocromocitoma, secretante",C741,
415,F brodisplasia osificante progresiva,M611,
416,Fibromatosis e ni'val sordera,H903,
417,Fibromatosis gingival- anomahas dentales,K005,
418,Fibromatosis hialina juvenil,M728,
419,Fibrosis pulmonar idiopática,J841,
420,Fibrosis quistica,E849,
421,Fiebre botonosa,A771,
422,Fiebre mediterránea familiar,E850,
423,Fisura labial - retinopatia,Q878,
424,Forma perinatal-letal de la enfermedad de Gaucher,E752,
425,"Fosforibosilpirofosfato sintetasa, sobreactividad de",E798,
426,Fotosensibilidad cutánea colitis letal,L578,
427,Fragilidad ósea contracturas articulares,M218,
428,Fructosuria,E741,
429,Fucosidosis,E771,
430,Galactosemia,E742,
431,Gangliosidosis tipo 1,E751,
432,Gangliosidosis tipo 2,E751,
433,Gangliosidosis tipo 3,E751,
434,Gastroenteritis eosinofilica i,K528,
435,Glucogenosis de Bickel-Fanconi,E740,
436,Glucogenosis tipo 1,E740,
437,Glucogenosis tipo 2,E740,
438,Granuloma chalazodérmico,C840,
439,retinal - contracturas,I99X,
440,Hemicrania paroxística,G448,
441,Hemiplejia alternante familiar nocturna benigna infantil,G819,
442,Hemocromatosis neonata!,E831,
443,Hepatitis crónica autoinmune,K754,
444,Hiperandrogenismo debido a deficiencia de cortisona reductasa,E258,
445,Hiperargininemía,E722,
446,hidroxilasa,E780,
447,Hipercolesterolemia familiar homocigota,E780,
448,Hiperekplexia - epilepsia,G258,
449,Hiperfenilalalinemia,E701,
450,Hiperfen lalaninemia materna,E701,
451,Hiperferritinemia hereditaria con cataratas congénitas,H260,
452,Hiperghcinemia no cetósica,E725,
453,Hiperinmunoglobulinemia D con fiebre recurrente,E850,
454,Hiperlipoproteinemia no especificada,E782,
455,Hiperlipoproteinemia tipo 1,E783,
456,Hiperlipoproteinemia tipo 3,E782,
457,Hiperostosis vertebral anguilosante con tilosis,M481,
458,Hiperoxaluria,E748,
459,Hiperoxaluria primaria de tipo 1,E748,
460,Hiperplasia suprarrenal congénita,E250,
461,Hiperqueratosis palmoplantar parapares a espástica,G821,
462,Hipersomnia idiopática,F511,
463,Hipertricosis cervical anterior aislada,L682,
464,Hipertricosis cervical neuropatía,G600,
465,Hipertricosis lanuqinosa adquirida,L681,
466,Hipo crónico,G253,
467,Hipofosfatasia,E833,
468,Hipogamaglobulinemia inespecifica,E800,
469,Hipoglucemia hiperinsulinémica persistente de la infancia,E161,
470,Hipogonadismo hipogonadotrópico congénito,E230,
471,Hipomagnesemia aislada dominante,E834,
472,Hipomagnesemia con normocalciuria,E834,
473,Hipomielinización - catarata congénita,G378,
474,Hipomielinización - hipoqonadismo hipogonadotrópico - hipodonfia,G111,
475,Hipomielinización con atrofia de los ganglios basares y del cerebelo,E752,
476,Hipoparatiroidismo familiar aislado,E208,
477,paratiroidea,E208,
478,Hipoplasia foveal catarata presenil,H260,
479,Hipoplasia tiroidea,E031,
480,Hipotermia periódica espontanea,G908,
481,Hipotonia - Síndrome de cistinuria,E720,
482,Hipotonia con acidemia láctica e hiperamonemia,E888,
483,Hipotricosis simple •,L658,
484,Histidinemia,E708,
485,Histiocitosis azul marino,D763,
486,Histiocitosis de células de Langerhans,C960,
487,Histiocitosis progresiva mucinosa hereditaria,D763,
488,Histiocitosis sinusal con linfadenopatía masiva,D763,
489,Homocamosinosis,E728,
490,Homocistinuria clásica por Déficit de cistationina betasintasa,E721,
491,Iminoqlicinuria,E720,
492,desaminasa,D813,
493,Inmunodeficiencia comienzo adulto,D848,
494,Inmunodeficiencia comun variable,D839,
495,Inmunodeficiencia con Déficit de células natural-killer,D848,
496,Inmunodeficiencia debida a Déficit de CD25,D812,
497,intedeuquina-1,D848,
498,polisacáridos,D808,
499,Inmunodeficiencia por expresión deficiente del HLA de clase 2,D817,
500,_ 1090 Inmunodeficiencia primaria no especificada,D848,
501,Insensibilidad congénita al dolor,G908,
502,Insomnio fatal familiar,A818,
503,Intolerancia a la fructosa,E741,
504,IPEX (X-LINKED),E310,
505,IRAK4 (IL-1 Receptor asociado a kinasa 4),D848,
506,Laminopatia tipo Decaudain-Vigouroux,E784,
507,Leiomioma orbital,D316,
508,Leprechaunismo,E348,
509,Lesión cerebral isquémica e hipóxica neonatal,P111,
510,"Lesiones ""Donut"" de la calvaria - fragilidad ósea",M858,
511,Leucodistrofia - paraplejia espástica - distonia,G114,
512,Leucodistrofia metacromática,E752,
513,leucodistrofia no especificada,E752,
514,Leucoencefalopatia - ataxia - hipodontia - hipomielinización,E752,
515,Leucoencefalopatía - condrodisplasia metafisaria,G114,
516,Leucoencefalopatia - distonia - neuropatia motora,E752,
517,espinal - elevación del lactato,E752,
518,Leucoencefalopatia cavilada progresiva,E752,
519,temporal,E752,
520,Linfangioleiomiomatosis,J984,
521,Lipodistrofia familiar parcial asociada con mutaciones en PPARG,E881,
522,Lipodistrofia familiar pardal por mutaciones en AKT2,E881,
523,"Lipodistrofia familiar parcial, tipo Kábberling",E881,
524,Lipodistrofia generalizada adquirida,E881,
525,Lipodistrofia no especificada,E881,
526,Lipodistrofia parcial adquirida,E881,
527,"Lipodistrofia, familiar pardal, tipo Dunnigan",E881,
528,"Lipodistrofia, tipo Berardinelli",E881,
529,Lipofuscinosis neuronal ceroide tardia infantil,E754,
530,Lipofuscinosis neuronal ceroidea juvenil,E754,
531,Lipomatosis encefalocraneocutánea,E882,
532,Lipoproteinosis de Urbach-Wiethe,E788,
533,Lóbulos gruesos de las orejas - sordera conductiva,H900,
534,Macroqlobunnemia de Waldenstrám,C880,
535,autosómica dominante,D694,
536,"Malabsorción de folato, hereditaria",D528,
537,Malabsorción de glucosa-galactosa,E743,
538,Malacoplasia,N288,
539,Malformación linfática,D181,
540,Mastocitosis sistémica,C962,
541,Mastocitosis sistémica agresiva,C962,
542,Mastocitosis sistémica indolente,D470,
543,Metahemoglobinemia hereditaria recesiva de tipo 2,D740,
544,Miastenia grave,G700,
545,Mielodisplasia con hipogamaglobulinemia,D812,
546,Mielofibrosis con metaplasia mielocitoide,D471,
547,Migraña hemipléjica familiar o esporádica,G431,
548,Mioclonia ataxia cerebelosa sordera,G111,
549,Mioclonia atrofia muscular distal,G253,
550,Mioclonia perioral con ausencias,G403,
551,Mioclono de acción - Sindrome de insuficiencia renal,G404,
552,Miofascitis macrofágica,M608,
553,Miopatia con autofaqia excesiva,G718,
554,Miopatia con capuchón,G712,
555,Miopatia congénita letal tipo Compton-North,G712,
556,Miopatia distal con afectación respiratoria precoz,G710,
557,Miopatia distal con debilidad de cuerdas vocales,G710,
558,"Miopatia distal de tipo Welander, tipo sueco",G710,
559,"Miopatia distal, tipo Nonaka",G718,
560,Miopatia hereditaria con fallo respiratorio precoz,G710,
561,articulaciones - oftatmoplefia,G718,
562,Miopatia ligada al cromosoma X con atrofia del musculo postura!,G710,
563,Distrofia miotónica tipo 2,G711,
564,Miopatia mitocondrial con anemia sideroblástica,G713,
565,Miopatia nemalínica,G712,
566,Miopatia provocada por exceso de calsecuestrina y proteína SERCA1,G718,
567,de la parte anterior de extremidades superiores,G710,
568,Miositis esporádica con cuerpos de inclusión,M608,
569,Miositis focal,M608,
570,Monosomia 22q11,D821,
571,MSMD (Deficiencia IFN-yR1),D848,
572,MSMD (Deficiencia STAT1),D848,
573,MSMD (IL-12p40),D848,
574,MSMD (IL12RB),D848,
575,Mucolipidosis no especificada,E779,
576,Mucolipidosis tipo 2,E770,
577,Mucolipidosis tipo 4,E751,
578,Mucopolisacaridosis no especificada,E763,
579,Mucopolisacaridosis tipo 2,E761,
580,Mucopolisacaridosis tipo 3,E762,
581,Mucopolisacaridosis tipo 4,E762,
582,Mucopolisacaridosis tipo 6,E762,
583,Mucopolisacaridosis tipo 7,E762,
584,Mucosulfatidosis,E752,
585,Mutación de ganancia en función CMC-STAT 1,D848,
586,"Mutación EDA-ID, AD (NFKBIA)",D828,
587,Mutación en el gen de la subunidad TCRa Constante (TRAC),D848,
588,Mutación en Gata-2,D728,
589,Mutación en PRKCD (Proteína C Kinasa Ó),D479,
590,Mutación IRF-8,D848,
591,Mutación y deleción de la cadena pesada de i,C911,
592,"Mutación, SLC29A3",D763,
593,Neumopatia aguda idiopática eosinofilica,J82X,
594,Neuroaxonal distrofia acidosis tubular,N258,
595,hidrolasa,E711,
596,Neurofibromatosis tipo 2,Q850,
597,Neuropatia hereditaria con hipersensibilidad a la presión,G600,
598,Neuropatia óptica hereditaria de Leber,H472,
599,cromosoma x,G608,
600,Neuropatía axonal gigante 20 familias Sinostosis múltiple,G608,
601,NOMID or CINCA,E850,
602,desarrollo,E038,
603,Obesidad debida a deficiencia de erohormona convertasal,E668,
604,Obesidad debida a la deficiencia congénita de leptina,E668,
605,Obesidad por Déficit de pro-opiomelanocortin,E668,
606,Odontodisplasia regional,K004,
607,Odontoleucodistrofia,E752,
608,Onicotricodisplasia y neutropenia,L988,
609,esclerosante,E752,
610,Osteodistrofia hereditaria de Albright,E201,
611,Osteomielitis multifocal crónica recurrente juvenil,M863,
612,Oto dental displasia,K002,
613,Otras Acromegalias No especificadas,E220,
614,Otras ataxias episódicas,G118,
615,Otras ataxias espinocerebelosas no especificadas,G118,
616,Otras ataxias hereditarias no especificadas,G118,
617,Otras atrofias musculares espinales no especificadas,G122,
618,Otros trastornos de la oxidación de los acidos grasos 1,E713,
619,Otros trastornos del ciclo de la urea no especificados,E722,
620,especificados,E789,
621,Otros trastornos del metabolismo de las pirimidinas no especificados,E799,
622,Otros trastornos del metabolismo de las purinas no especificados,E799,
623,Otros trastornos del metabolismo de los acidos grasos,E713,
624,especificados,E749,
625,OXarios poliquisticos esfínter uretra! disfunción,N398,
626,Pancreatoblastoma,C251,
627,"Paniculitis, histiocitica citofágica",M358,
628,Paquidermoperiostosis,M894,
629,Parálisis bulbar progresiva de la niñez ',G121,
630,Parálisis la -linea retraso mental,J380,
631,Parálisis periódica hipercalemica,G723,
632,Parálisis periódica hipocalemica,G723,
633,Parálisis periódica no especificada,G723,
634,Parálisis periódica normocalemica,G723,
635,Parálisis periódica tirotóxica,G723,
636,Parálisis supranuclear progresiva,G231,
637,Parálisis supranuclear progresiva - Síndrome corticobasal,G231,
638,Paraplejia espástica - glaucoma - Déficit intelectual,G114,
639,Paraplejia espástica autosómica dominante tipo 6,G114,
640,Paraplejia espástica autosómica dominante tipo 8,G114,
641,Paraplejía espástica autosómica dominante tipo 9,G114,
642,Paraplejia espástica autosómica dominante tipo 10,G114,
643,Paraplejia espástica autosómica dominante tipo 12,G114,
644,Paraplejia espástica autosómica dominante tipo 13,G114,
645,Paraplejia espástica autosómica dominante tipo 17,G114,
646,Paraplejia espástica autosómica dominante tipo 29,G114,
647,Paraplejia espástica autosómica dominante tipo 32,G114,
648,Paraplejia espástica autosómica dominante tipo 35,G114,
649,Paraplejia espástica autosómica dominante tipo 37,G114,
650,Paraplejia espástica autosómica dominante tipo 38,G114,
651,Paraplejia espástica autosómica recesiva tipo 14,G114,
652,Paraplejia espástica autosómica recesiva tipo 15,G114,
653,Paraplejia espástica autosómica recesiva tipo 18,G114,
654,Paraplejia espástica autosómica recesiva tipo 23,G114,
655,Paraplejia espástica autosómica recesiva tipo 24,G114,
656,Paraplejia espástica autosómica recesiva tipo 25,G114,
657,Paraplejía espástica autosómica recesiva tipo 26,G114,
658,Paraplejia espástica autosómica recesiva tipo 28,G114,
659,Paraplejia espástica autosómica recesiva tipo 30,G114,
660,Paraplejia espástica autosómica recesiva tipo 39,G114,
661,Paraplejia espástica familiar,G114,
662,Paraplejia espástica ligada al cromosoma X tipo 2,G114,
663,Paraplejia espástica ligada al cromosoma X tipo 16,G114,
664,Paraplejia espástica ligada al cromosoma X tipo 34,G114,
665,Paraplejia espástica nefropatia sordera,G114,
666,Paraplejia espástica no especificada,G114,
667,Paraplejia-braquidactilia-epífisis en cono,G821,
668,Paraplejia-retraso mental-hiperqueratosis,G821,
669,Paresia espástica glaucoma pubertad precoz,G114,
670,Penfigo foliáceo,L102,
671,Penfigoide bulloso,L120,
672,Penfiqoide paraneoplásico,L108,
673,Periarteritis nodosa,M300,
674,Pericarditis artritis camptodactilia,M128,
675,PI3K5 Activado,D818,
676,Piebaldismo,E703,
677,Pityriasis rubra pilaris,L440,
678,"aguda, Síndrome",D694,
679,Pneumonia intersflcial aguda,J848,
680,Poiquilodermia con neutropenia,D828,
681,"Poliartritis, factor reumatoide negativo",M083,
682,"Poliartritis, factor reumatoide positivo",M080,
683,Policondritis atrofiante,M941,
684,Polineuropatia amiloide familiar,E851,
685,Poliposis adenomatosa familiar,D126,
686,Poliposis con capuchón,D126,
687,Poliposis juvenil de la infancia,D126,
688,Porfiria aguda intermitente,E802,
689,Porliria cutánea tarda (PCT),E801,
690,Portlria eritropoyética congénita,E800,
691,Porfiria hepática crónica,E802,
692,Predisposición mendehana a infecciones por micobacterias atipicas,D848,
693,Progeria,E348,
694,Proteinosis alveolar pulmonar idiopática,J840,
695,Proteinosis alveolo-pulmonar (mutación en CSF2RA),J840,
696,Protoporfiria eritropoyética,E800,
697,Pseudohipoaldosteronismo tipo 1,N258,
698,Pseudomixoma peritoneal,C786,
699,Pseudotumor inflamatorio del higado,K758,
700,Pulgares ausentes talla baja inmunodeficiencia,D828,
701,Purpura de Henoch-Schoenlein,D690,
702,Queratitis estromal,H163,
703,Queratoconjuntivitis atópica,H162,
704,Querubismo (mutación en SH3BP2),K108,
705,Quintos metacarpianos cortos - resistencia a la insulina,E138,
706,Déficit de,D698,
707,• Resistencia periférica a las hormonas tiroideas,E031,
708,Reticulohistiocitosis multicéntrica,D763,
709,Retinopatia hereditaria vascular,H350,
710,deshidrogenasa,E711,
711,insulinico de tipo 1,E343,
712,Retraso mental - cataratas - cifosis,E778,
713,comportamiento anormal,G255,
714,Retraso mental ligado al cromosoma X psicosis macroorquidismo,F711,
715,"Retraso mental ligado al cromosoma X, de tipo Zorick",G318,
716,Retraso mental severo ligado al cromosoma X tipo Gustavson,F729,
717,hidrolasa,E721,
718,RNASEH2A (AGS4),G318,
719,RNASEH2B (AGS2),G318,
720,RNASEH2C (AGS3),G318,
721,Sarcoidosis,D869,
722,Sarcosinemia,E725,
723,SCN3 (Deficiencia HAX1),D70X,
724,Sialidosis tipo 1,E771,
725,Sialidosis tipo 2,E771,
726,esteroidogenesis,E250,
727,Síndrome autoinflamatorio familiar por frío,L502,
728,Sindrome CACH,E752,
729,Sindrome GAMOS,G111,
730,Sindrome CDG tipo la,E778,
731,Síndrome CDG tipo lb,E778,
732,Síndrome CDG tipo Ic,E778,
733,Sindrome CDG tipo lih,E778,
734,Síndrome cerebro-pulmon-tiroides,E031,
735,Síndrome CINCA,G031,
736,Síndrome CREST,M341,
737,Sindrome de Ackerman,K002,
738,Sindrome de Aicardi-Goutieres,G318,
739,Sindrome de AI-Gazali-Dattani,E778,
740,Síndrome de Allan-Herndon-Dudley,E031,
741,Síndrome de Alpers,G318,
742,Síndrome de aspiracion de meconio,P240,
743,Síndrome de ataxia - sordera - retraso mental,G111,
744,Síndrome de Bamforth,E031,
745,Síndrome de Bangstad,E318,
746,Síndrome de Barth,E711,
747,Síndrome de Barbet,E268,
748,Síndrome de Bazex,L851,
749,Sindrome de Bazex-Dupre-Christol,L988,
750,Síndrome de Bernard-Soulier,D691,
751,Sindrome de Brown-Vialetto-van Laere,G121,
752,Sindrome de Cantu Sánchez Corona Fragoso,L818,
753,Sindrome de CDG,E778,
754,Sindrome de CDG tipo Id,E778,
755,Síndrome de CDG tipo le,E778,
756,Síndrome de CDG tipo If,E778,
757,Sindrome de CDG tipo Ig,E778,
758,Síndrome de CDG tipo lh,E778,
759,Sindrome de CDG tipo Ha,E778,
760,Síndrome de CDG tipo He,E778,
761,Sindrome de CDG tipo lk,E778,
762,Sindrome de CDG tipo IL,E778,
763,Síndrome de Chediak-Higashi,E703,
764,Síndrome de Churg-Strauss,M301,
765,Síndrome de Cogan,H163,
766,Síndrome de Criqler-Najjar,E805,
767,Síndrome de Crisponi,G908,
768,Síndrome de Cronkhite-Canada,D126,
769,Sindrome de Cushing,E249,
770,Sindrome de Cushing dependiente de ACTH,E240,
771,encefalomiopática con aciduria metilmalonica,G713,
772,Sindrome de Duane,H508,
773,Síndrome de encefalopatia mioneurogastrointestinal,G713,
774,Sindrome de Evans,D693,
775,Síndrome de exoftalmos benigno,H052,
776,Sindrome de Fanconi asociado a cadenas ligeras Ig monoclonal,E720,
777,Sindrome de Frasier,N041,
778,Síndrome de Goldmann-Favre,H355,
779,Síndrome de Gorham Stout,M895,
780,Síndrome de Guillain-Barre,G610,
781,Síndrome de Hartnup,E720,
782,Síndrome de Hermansky-Pudlak,E703,
783,Síndrome de Hiper iqD,E850,
784,Síndrome de Hiper IgM,D828,
785,Síndrome de hipercoaqulabilidad por Déficit de glicosilfosfaktilinositol,E888,
786,Síndrome de hiper-IqE autosómico dominante,D824,
787,Síndrome de Hurler,E760,
788,Síndrome de Hurler-Scheie,E760,
789,Síndrome de inmunodeficiencia primaria por Déficit de p14,D828,
790,Síndrome de insensibilidad a los androgenos,E345,
791,Síndrome de Jahli,H355,
792,Sindrome de Joubert con defecto hepalico,K740,
793,Sindrome de Kallmann,E230,
794,Sindrome de Kasabach-Merritt,D180,
795,Sindrome de Kearns-Sayre,H498,
796,Sindrome de la persona rigida,G258,
797,Sindrome de la triple H (HHH),E724,
798,Sindrome de Laron,E343,
799,Sindrome de Laron con inmunodeficiencia,D828,
800,Síndrome de Lesch-Nyhan,E791,
801,Síndrome de Marden-Walker,Q870,
802,Síndrome de Marfan,Q874,
803,Síndrome de Marinesco-Sjogren,G111,
804,Síndrome de Mazabraud,M850,
805,Síndrome de meqacolon de Goldberq-Shprintzen,Q878,
806,Síndrome de Michels,Q878,
807,Síndrome de microdelecion 8q22.1,Q935,
808,Síndrome de Mohr-Tranebjaerg,G318,
809,Síndrome de Muckle-Wells,E850,
810,Síndrome de Muir-Torre,L728,
811,"Síndrome de Neurodeqerativo ligado al cromosoma X, de tipo Hamel",G318,
812,Síndrome de Ochoa,N318,
813,Síndrome de Ondine,G473,
814,Síndrome de Parsonage-Tumer,G545,
815,Síndrome de Pearson,D640,
816,Síndrome de Pendred,E071,
817,Síndrome de Perry,G26X,
818,Síndrome de PIBIDS,L678,
819,Síndrome de Pierson,N048,
820,Síndrome de Pollit,L678,
821,1879 Síndrome de Rambaud Gallian Touchard,E788,
822,Síndrome de resistencia a la hormona liberadora de tirotropina,E031,
823,Síndrome de Rett,F842,
824,Síndrome de Rett atipico,F842,
825,Síndrome de Riddle,D828,
826,Síndrome de rubeola conqenita,P350,
827,Síndrome de Sanfilippo tipo A,E762,
828,Síndrome de Scheie,E760,
829,Síndrome de Schnitzler,L508,
830,Síndrome de Schwartz-Jampel,G711,
831,Síndrome de Secreción inapropiada de hormona antidiurética,E222,
832,Síndrome de sensibilidad a Uy,L568,
833,Síndrome de Sezary,C841,
834,Síndrome de Shock estafilococico toxico,A483,
835,Síndrome de Shwachman-Diamond,D610,
836,Síndrome de Stern Lubinsky Durrie,H185,
837,Síndrome de Stormorken Sjaastad Langslet,D698,
838,Sindrome de Tome Brune Fardeau,E754,
839,Sindrome de Tourette,F952,
840,Síndrome de Treft Sanborn Carey,H472,
841,Síndrome de Usher,H355,
842,Síndrome de Usher no especificado,H355,
843,Síndrome de Usher tipo 1,H355,
844,Síndrome de Usher tipo 2,H355,
845,Síndrome de Waardenburg (termino generico),E703,
846,Síndrome de Wells,L983,
847,Síndrome de Werner,E348,
848,Síndrome de West,G404,
849,Síndrome de WHIM,D818,
850,Sindrome de Wiedemann-Rautenstrauch,E348,
851,Síndrome de Wiskott-Aldrich,D820,
852,Síndrome de Wolcott-Rallison,E137,
853,Sindrome de Wolfram,E107,
854,Síndrome de Worster-Drought,G808,
855,Sindrome de Zollinger-Ellison,E164,
856,Síndrome del injerto contra huésped,T860,
857,Sindrome del metilmercurio fetal,T561,
858,Síndrome DEND,P702,
859,Síndrome GRACILE,E888,
860,Síndrome H,D763,
861,Síndrome hemolitico urémico atipico,D588,
862,Síndrome hipereosinofilico idiopático,D475,
863,Síndrome ICF,D848,
864,Síndrome IRIDA,D508,
865,Síndrome IRVAN,H350,
866,Síndrome letal onfalocele fisura palatina _,Q878,
867,Síndrome linfoproliferativo autoinmune (ALPES-SFAS),D479,
868,Síndrome Maroteaux Lamy,E762,
869,Sindrome MASA,G114,
870,Sindrome MELAS,G713,
871,Síndrome MERRF,G403,
872,Síndrome miastenico de Lambert-Eaton,G731,
873,Síndrome NARP,G318,
874,Síndrome nefrotico idiopático sensible a esteroides,N048,
875,"Sindrome neurodegenerativo ligado al cromosoma X, de tipo Bedini",G318,
876,Síndrome neuroléptico maligno,G210,
877,Síndrome oculo-cerebro-renal,E720,
878,Síndrome oral-facial-digital,Q870,
879,Síndrome oral-facial-digital tipo 5,Q870,
880,Síndrome PFAPA,E850,
881,Síndrome pneumo-renal de Goodpasture,M310,
882,Síndrome tipo IPEX,E310,
883,Síndrome triple A,E274,
884,Síndrome vulvovaqinal-agival,L438,
885,Síndromes miasténicos congénitos,G702,
886,Siringomielia,G950,
887,Sitosterolemia,E780,
888,Sordera - neuropatia periférica - enfermedad arterial,G600,
889,Sordera linfedema leucemia,D467,
890,SPG27,G114,
891,Telangiectasia epiléptica,G408,
892,Tetraplejia espástica congénita,G114,
893,Timoma con inmunodeficiencia (Sindrome de Good),D384,
894,Tirosinemia tipo 1 í,E702,
895,Tirosinemia tipo 2 •,E702,
896,Tirosinemia transitoria,P745,
897,TNF receptor asociado a fiebres periódicas TRAPS,E850,
898,Traqueobroncomegalia,J980,
899,Trastorno del habla y del lenguaje tipo 1,F808,
900,Trastorno del metabolismo de los aminoácidos no especificado,E729,
901,Trastorno del metabolismo de los carbohidratos no especificado,E749,
902,Trastorno desintegrativo de la infancia,F843,
903,Trastorno inmunoneurológico ligado al cromosoma X,D828,
904,Trastorno neurometabólico por deficiencia de seria,E728,
905,Trastornos de la oxidación de acidos grasos,E713,
906,Trastornos del ciclo de la urea,E722,
907,beta-hidroxiesteroide deshidrogenasa,E291,
908,Trastornos del metabolismo de las lipoproteínas,E789,
909,Trastornos del metabolismo de las purinas,E799,
910,Trastornos del metabolismo de los acidos grasos,E713,
911,Trastornos hormonales no especificados,E349,
912,Triada de Carney,D448,
913,Tritanopia,H535,
914,"Urolitiasis 2,8 dihidroxi-adenina",E798,
915,Urticaria familiar por frío,L502,
916,Urticaria solar,L563,
917,Variante neurológica del Síndrome de Waardenburq-Shah,E752,
918,Vascuhtis,M359,
919,Vasculitis leucocitoclástica hipocomplementemica,M310,
920,"Xantinuria, hereditaria aislada",E798,
921,Xantomatosis cerebrotendinosa,E755,
922,XL-DKC,Q828,
923,Deficiencia de BCL11B,D848,
924,Deficiencia de GLUT1,G934,
925,Deficiencia de RORc '•,D839,
926,Deficiencia de TFRC,D848,
927,Deficiencia específica de gránulos 2,D71X,
928,Enfermedad de Menkes,E830,
929,Errores congénitos de ácidos biliares primarios,K768,
930,Fibrosis Retroperitoneal ldiopática,N135,
931,Galactosiandosis,E771,
932,respiratorio agudo neonatal por deficiencia de SP B,P280,
933,Miopatía con inclusiones reductoras,G712,
934,temprana 9,G403,
935,Polimiositis,M332,
936,Raquitismo Hipofosfatémico Familiar Ligado al Cromosoma X,E833,
937,Retinosis Pigmentaria,H355,
938,Síndrome de Coats Plus por deficiencia de CTC1/STN1,H350,
939,Síndrome MIRAGE,E271,
940,(PASH),L988,
941,Trastorno Pigmentado Reticulado ligado al Cromosoma X,E850,
942,Panhipopituitarismo congénito,E230,
943,Diabetes Insípida central,E232,
944,Déficit de Alfa- 1 antitripsina (DAAT),E880,
945,Trombopatia: enfermedad de gránulos densos,D691,
946,Neoplasia endocrina múltiple tipo 1,D448,
947,Síndrome de Landau-Kleffner,F803,
948,Enfermedad de Kawasaki,M303,
949,Discapacidad intelectual relacionada con SYNGAP1,F790,
950,Adrenoleucodistrofia neonatal,E713,
951,Porfiria Hepática Aguda,E802,
952,Deficiencia de aminoácido aromático descarboxilasa,E708,
953,Leucoencefalitis esclerosante subaquda (PEES),A811,
954,Coreoacantocitosis,E786,
955,Colanqitis esclerosante primaria,K759,
956,Micosis Funqoide,C840,
957,Enfermedad relacionada con IgG4,D898,
958,Amiloidosis hereditaria asociada a Transtiretina,E852,
959,Ceroidolipofuscinosis Neuronal,E754,
960,Trastorno del metabolismo del piruvato,E744,
961,Tumor maligno neuroendocrino metastásico de origen desconocido,C759,
962,Osteosarcoma,C419,
963,Purpura Trombocitopénica Trombófica (P I I),D695,
964,Psoriasis Pustulosa Generalizada,L401,
